INSERT INTO course (id,course_name,teacher_id,category_id,image_url) VALUES ('f0c68980-70a8-492d-8701-9fb15086dd44','Matematika Bilangan Bulat','73aa9774-5f93-40b4-b510-4e465f97cfcd','0679c05c-db7b-4278-968a-3ec0388673c8','http://192.168.100.62:8080/data/course/bilangan_bulat.png');


INSERT INTO course_qualification (course_id,course_level,min_score,course_material_total,course_exam_total) VALUES ('f0c68980-70a8-492d-8701-9fb15086dd44','SD kelas 6',3,3,5);


INSERT INTO course_detail (course_id,overview_text,description_text,image_url) VALUES ('f0c68980-70a8-492d-8701-9fb15086dd44','Bilangan Bulat','Banyak hal di sekitar kita yang berhubungan dengan bilangan bulat. Seperti menuliskan ketinggian suatu tempat, suhu, dan keuntungan atau kerugian dalam berdagang. Ini semua berkaitan dengan bilangan bulat. Perhatikan contoh berikut ini. Ketinggian puncak Jayawijaya dan perubahan suhunya dapat ditulis menggunakan bilangan bulat. Kalian perlu memahami bilangan bulat dan operasinya dengan baik.','http://192.168.100.62:8080/data/course/bilangan_bulat.png');


INSERT INTO course_material (id,course_id,material_index,title) VALUES ('5e86b760-172f-4ecd-87aa-96943a1b3752','f0c68980-70a8-492d-8701-9fb15086dd44',1,'Bab 1 : Pengenalan');
INSERT INTO course_material (id,course_id,material_index,title) VALUES ('518169e0-e984-4e9f-836b-93dfd02ec410','f0c68980-70a8-492d-8701-9fb15086dd44',2,'Bab 2 : Membaca dan Menulis Lambang Bilangan Bulat');
INSERT INTO course_material (id,course_id,material_index,title) VALUES ('92a8cd72-a00f-43e2-85fa-565a36a02db9','f0c68980-70a8-492d-8701-9fb15086dd44',3,'Bab 3 : Mengurutkan dan Membandingkan Bilangan Bulat');


INSERT INTO course_material_detail (course_material_id,position,title,type_material,content,image_url) VALUES ('5e86b760-172f-4ecd-87aa-96943a1b3752',1,'Perhatikan gambar dan bacaan berikut',1,'','http://192.168.100.62:8080/data/material/bilangan_bulat_bab_1_1.png');
INSERT INTO course_material_detail (course_material_id,position,title,type_material,content,image_url) VALUES ('5e86b760-172f-4ecd-87aa-96943a1b3752',2,'',0,'Puncak Jayawijaya merupakan gunung tertinggi di Indonesia. Gunung ini terletak di Provinsi Papua. Gunung ini merupakan anugerah dari Tuhan Yang Maha Esa karena keindahannya. Di puncak gunung tersebut terdapat salju abadi. Suhu normal di ketinggian 0 m di atas permukaan laut (dpl) adalah 370 C. Puncak Jayawijaya memiliki ketinggian 4.884 m dpl. Berdasarkan catatan BMKG (Badan Meteorologi, Klimatologi dan Geofisika) pada tanggal 6 November 2017, suhu udara puncak Jayawijaya pada pagi hari adalah –80 C, pada siang hingga sore hari –70 C, dan pada malam hari –90 C. Tahukah kamu apa yang dimaksud dengan suhu –80 C? Temukan jawabannya pada pembahasan materi ini.','');
INSERT INTO course_material_detail (course_material_id,position,title,type_material,content,image_url) VALUES ('5e86b760-172f-4ecd-87aa-96943a1b3752',3,'Tokoh',1,'','http://192.168.100.62:8080/data/material/bilangan_bulat_bab_1_2.png');
INSERT INTO course_material_detail (course_material_id,position,title,type_material,content,image_url) VALUES ('5e86b760-172f-4ecd-87aa-96943a1b3752',4,'',0,'Bilangan bulat negatif pertama kali digunakan pada masa Dinasti Han. Bilangan tersebut ditulis pada buku The Nine Chapter On The Mathematical Art sekitar tahun 202-220. Dalam buku tersebut terdapat tulisan yang berisi bilangan negatif. Caranya dengan menyusun dan menghitung batang merah yang mewakili bilangan positif serta batang hitam untuk bilangan negatif. Warna merah untuk mewakili bilangan negatif dan warna hitam untuk bilangan positif. Pada abad ketiga Masehi, Diophantus juga telah menggunakan bilangan negatif.','');


INSERT INTO course_material_detail (course_material_id,position,title,type_material,content,image_url) VALUES ('518169e0-e984-4e9f-836b-93dfd02ec410',1,'',0,'Ada 5 tahapan yang harus kalian lakukan untuk memahami cara membaca dan menulislambang bilangan bulat. Kelima langkah tersebut adalah mengamati, menanya, menalar,mencoba, dan mengkomunikasikan.','');
INSERT INTO course_material_detail (course_material_id,position,title,type_material,content,image_url) VALUES ('518169e0-e984-4e9f-836b-93dfd02ec410',2,'Pengamatan 1',1,'','http://192.168.100.62:8080/data/material/bilangan_bulat_bab_2_1.png');
INSERT INTO course_material_detail (course_material_id,position,title,type_material,content,image_url) VALUES ('518169e0-e984-4e9f-836b-93dfd02ec410',3,'',0,'Jayawijaya yang berubah! Ingatkah kalian suhu pada Puncak Jayawijaya pada tanggal 6 November 2017? Pada pagi hari –80C, siang hingga sore hari –70 C, dan malam hari –90 C? Bagaimana cara menuliskan pada garis bilangan? Tulis ulang bacaan di atas dengan rapi. Gunakan kalimatmu sendiri! Kerjakan di buku tugasmu!','');
INSERT INTO course_material_detail (course_material_id,position,title,type_material,content,image_url) VALUES ('518169e0-e984-4e9f-836b-93dfd02ec410',4,'Pengamatan 2',1,'','http://192.168.100.62:8080/data/material/bilangan_bulat_bab_2_2.png');
INSERT INTO course_material_detail (course_material_id,position,title,type_material,content,image_url) VALUES ('518169e0-e984-4e9f-836b-93dfd02ec410',5,'',0,'Makanan dan minuman disimpan dalam lemari pendingin dengan suhu tertentu. Beberapa saat, suhu makanan dan minuman dalam lemari pendingin mencapai 30 C di bawah 00 C. Suhu ini dapat dituliskan –30 C. Kemudian, makanan dan minuman dikeluarkan dari lemari pendingin. Suhu makanan dan minuman menjadi 120 C.','');
INSERT INTO course_material_detail (course_material_id,position,title,type_material,content,image_url) VALUES ('518169e0-e984-4e9f-836b-93dfd02ec410',6,'Bacalah dengan cermat!',0,'Bilangan bulat terdiri atas 3 macam bilangan. Bilangan tersebut adalah bulat positif, bilangan nol, dan bilangan bulat negatif.','');
INSERT INTO course_material_detail (course_material_id,position,title,type_material,content,image_url) VALUES ('518169e0-e984-4e9f-836b-93dfd02ec410',7,'Pengamatan 1',1,'','http://192.168.100.62:8080/data/material/bilangan_bulat_bab_2_3.png');
INSERT INTO course_material_detail (course_material_id,position,title,type_material,content,image_url) VALUES ('518169e0-e984-4e9f-836b-93dfd02ec410',8,'',0,'Ubahlah setiap satuan pada gambar di atas menjadi bilangan bulat! Suhu pagi hari –8, Suhu siang hingga sore hari –7, dan Suhu malam hari –9.','');
INSERT INTO course_material_detail (course_material_id,position,title,type_material,content,image_url) VALUES ('518169e0-e984-4e9f-836b-93dfd02ec410',9,'',0,'Buatlah garis bilangan dengan ujung kiri dan ujung kanan diberi tanda panah. Letakkan 0 di tengah garis bilangan. Kemudian, bilangan bulat positif di sebelah kanan 0. Bilangan bulat negatif di sebelah kiri 0.','');
INSERT INTO course_material_detail (course_material_id,position,title,type_material,content,image_url) VALUES ('518169e0-e984-4e9f-836b-93dfd02ec410',10,'Perhatikan garis bilangan berikut!',1,'','http://192.168.100.62:8080/data/material/bilangan_bulat_bab_2_4.png');
INSERT INTO course_material_detail (course_material_id,position,title,type_material,content,image_url) VALUES ('518169e0-e984-4e9f-836b-93dfd02ec410',11,'',0,'Arti tanda panah di kedua ujung garis bilangan adalah sebagai berikut. Garis akan berlanjut untuk bilangan positif (ke kanan), juga bilangan negatif (ke kiri).','');
INSERT INTO course_material_detail (course_material_id,position,title,type_material,content,image_url) VALUES ('518169e0-e984-4e9f-836b-93dfd02ec410',12,'',0,'Lengkapilah garis bilangan dengan 1 di sebelah kanan 0, 2 di sebelah kanan 1, 3 di sebelah kanan 2, 4 di sebelah kanan 3 dan seterusnya.','');
INSERT INTO course_material_detail (course_material_id,position,title,type_material,content,image_url) VALUES ('518169e0-e984-4e9f-836b-93dfd02ec410',13,'Perhatikan gambar berikut!',1,'','http://192.168.100.62:8080/data/material/bilangan_bulat_bab_2_5.png');
INSERT INTO course_material_detail (course_material_id,position,title,type_material,content,image_url) VALUES ('518169e0-e984-4e9f-836b-93dfd02ec410',14,'',0,'Lengkapilah garis bilangan dengan lawan dari 1 yaitu –1 di sebelah kiri 0, –2 diletakkan 2 langkah disebelah kiri 0, dan seterusnya.','');
INSERT INTO course_material_detail (course_material_id,position,title,type_material,content,image_url) VALUES ('518169e0-e984-4e9f-836b-93dfd02ec410',15,'',1,'','http://192.168.100.62:8080/data/material/bilangan_bulat_bab_2_6.png');
INSERT INTO course_material_detail (course_material_id,position,title,type_material,content,image_url) VALUES ('518169e0-e984-4e9f-836b-93dfd02ec410',16,'',0,'Ter Gambarlah kedudukan bilangan-bilangan –7, –8, dan –9 sebagai berikut!','');
INSERT INTO course_material_detail (course_material_id,position,title,type_material,content,image_url) VALUES ('518169e0-e984-4e9f-836b-93dfd02ec410',17,'',1,'','http://192.168.100.62:8080/data/material/bilangan_bulat_bab_2_7.png');
INSERT INTO course_material_detail (course_material_id,position,title,type_material,content,image_url) VALUES ('518169e0-e984-4e9f-836b-93dfd02ec410',18,'Pengamatan 2',0,'Suhu 30 C di bawah 00 C dapat ditulis sebagai bilangan bulat, yaitu –3 atau dibaca negatif tiga. Pada saat suhunya 120 C di atas suhu 00 C dapat ditulis sebagai bilangan bulat 12 dan dibaca positif dua belas atau cukup dibaca dua belas.','');
INSERT INTO course_material_detail (course_material_id,position,title,type_material,content,image_url) VALUES ('518169e0-e984-4e9f-836b-93dfd02ec410',19,'Tuliskan suhu-suhu berikut pada garis bilangan bulat!',0,'a. Suhu 15 C diatas 0 C.\nb. Suhu 10 C dibawah 0 C.\nc. Arti suhu 25 C kaitannya dengan suhu di atas dan di bawah 0 C.\nd. Arti suhu –50C kaitannya dengan suhu di atas dan dibawah 0 C.\ne. Berdasarkan langkah-langkah di atas, pelajari dengan kritis materi berikut ini.','');


INSERT INTO course_material_detail (course_material_id,position,title,type_material,content,image_url) VALUES ('92a8cd72-a00f-43e2-85fa-565a36a02db9',1,'',0,'Ada 5 tahapan yang kalian harus lakukan untuk memahami cara mengurutkan dan membandingkan lambang bilangan bulat. Kelima langkah tersebut adalah mengamati, menanya, menalar, mencoba, dan mengkomunikasikan','');
INSERT INTO course_material_detail (course_material_id,position,title,type_material,content,image_url) VALUES ('92a8cd72-a00f-43e2-85fa-565a36a02db9',2,'Pengamatan 1',1,'','http://192.168.100.62:8080/data/material/bilangan_bulat_bab_3_1.png');
INSERT INTO course_material_detail (course_material_id,position,title,type_material,content,image_url) VALUES ('92a8cd72-a00f-43e2-85fa-565a36a02db9',3,'',0,'Dapatkah kalian menentukan bilangan pada kotak yang belum terisi?\nDapatkah kalian menentukan bilangan yang berada di sebelah kanan 507?\nTulis ulang bacaan di atas! Gunakan kalimatmu sendiri. Kerjakan di buku tugasmu!','');
INSERT INTO course_material_detail (course_material_id,position,title,type_material,content,image_url) VALUES ('92a8cd72-a00f-43e2-85fa-565a36a02db9',4,'Pengamatan 2',1,'','http://192.168.100.62:8080/data/material/bilangan_bulat_bab_3_2.png');
INSERT INTO course_material_detail (course_material_id,position,title,type_material,content,image_url) VALUES ('92a8cd72-a00f-43e2-85fa-565a36a02db9',5,'',0,'Dapatkah kalian menentukan bilangan pada kotak yang belum terisi?\nDapatkah kalian menentukan bilangan di sebelah kiri kotak yang paling kiri?\nTulis ulang bacaan di atas! Gunakan kalimatmu sendiri.Kerjakan di buku tugasmu!','');
INSERT INTO course_material_detail (course_material_id,position,title,type_material,content,image_url) VALUES ('92a8cd72-a00f-43e2-85fa-565a36a02db9',6,'Pengamatan 3',0,'Ada urutan bilangan positif yang belum lengkap. Untuk melengkapinya, kalian dapat melakukan cara berikut. Bilangan yang akan diisi di sebelah kanan 503.  14 Kelas VI SD/MI Jadi, bilangan tersebut 503 ditambah 1 sama dengan 504. Begitu juga dengan bilangan yang berada di sebelah kanan 505. Bilangan tersebut adalah 505 ditambah 1 sama dengan 506. Bilangan yang berada di sebelah kiri 503. Bilangan tersebut adalah 503 dikurangi 1 sama dengan 502. Dengan cara sama, bilangan yang berada di sebelah kiri 502 adalah 501. Jika digambarkan seperti berikut.','');
INSERT INTO course_material_detail (course_material_id,position,title,type_material,content,image_url) VALUES ('92a8cd72-a00f-43e2-85fa-565a36a02db9',7,'',1,'','http://192.168.100.62:8080/data/material/bilangan_bulat_bab_3_3.png');
INSERT INTO course_material_detail (course_material_id,position,title,type_material,content,image_url) VALUES ('92a8cd72-a00f-43e2-85fa-565a36a02db9',8,'',0,'Berdasarkan contoh di atas, bilangan di sebelah kanan 507 adalah 508.','');
INSERT INTO course_material_detail (course_material_id,position,title,type_material,content,image_url) VALUES ('92a8cd72-a00f-43e2-85fa-565a36a02db9',9,'Pengamatan 4',0,'Ada urutan bilangan negatif yang belum lengkap. Untuk melengkapinya, kalian dapat melakukan cara berikut. Bilangan yang akan diisi berada di sebelah kanan –116. Jadi, bilangan tersebut –116 ditambah 1 sama dengan –115. Bilangan di sebelah kanan –114 adalah –113. Bilangan yang berada di sebelah kanan –113 adalah –112. Bilangan yang berada di sebelah kanan –112 adalah –111. Bilangan yang berada di sebelah kiri –116 adalah bilangan –116 dikurang 1 yaitu –117.','');
INSERT INTO course_material_detail (course_material_id,position,title,type_material,content,image_url) VALUES ('92a8cd72-a00f-43e2-85fa-565a36a02db9',10,'',1,'','http://192.168.100.62:8080/data/material/bilangan_bulat_bab_3_4.png');
INSERT INTO course_material_detail (course_material_id,position,title,type_material,content,image_url) VALUES ('92a8cd72-a00f-43e2-85fa-565a36a02db9',11,'',0,'Berdasarkan contoh di atas, bilangan di sebelah kiri –117 adalah –118.','');


INSERT INTO course_exam (id,course_id,type_exam,exam_index,text,image_url) VALUES ('fb8478fa-b27f-42a9-aebf-acaa09b3f408','f0c68980-70a8-492d-8701-9fb15086dd44',0,1,'yang mana dibawah ini yang merupakan bentuk perbandingan yang benar','');
INSERT INTO course_exam (id,course_id,type_exam,exam_index,text,image_url) VALUES ('ffc7b6f3-ba2b-4068-a2d7-3c1f28b83db5','f0c68980-70a8-492d-8701-9fb15086dd44',0,2,'Urutan bilangan bulat berikut dari yang terkecil hingga terbesar. mana jawaban yang benar','');
INSERT INTO course_exam (id,course_id,type_exam,exam_index,text,image_url) VALUES ('1609e073-557d-4009-b1c9-cee0629f0c52','f0c68980-70a8-492d-8701-9fb15086dd44',0,3,'yang manakah Urutan bilangan berikut dari terbesar hingga terkecil yang benar','');
INSERT INTO course_exam (id,course_id,type_exam,exam_index,text,image_url) VALUES ('34435287-cd1e-4d05-954b-0f9cd8f4bf2e','f0c68980-70a8-492d-8701-9fb15086dd44',0,4,'Urutan bilangan berikut dari yang terbesar hingga terkecil,kecuali','');
INSERT INTO course_exam (id,course_id,type_exam,exam_index,text,image_url) VALUES ('c97bf62e-552d-4e99-aa67-cd40a013c608','f0c68980-70a8-492d-8701-9fb15086dd44',0,5,'dibawah ini yang merupakan bentuk perbandingan yang benar, kecuali','');


INSERT INTO course_exam_answer (id,course_exam_id,type_answer,label,text,image_url) VALUES ('59156b2a-a4b3-4258-b567-a6acae4db255','fb8478fa-b27f-42a9-aebf-acaa09b3f408',0,'A','-12 > 0','');
INSERT INTO course_exam_answer (id,course_exam_id,type_answer,label,text,image_url) VALUES ('3c580dfd-388d-4f2a-b840-5466c39376ab','fb8478fa-b27f-42a9-aebf-acaa09b3f408',0,'B','-5 < -11','');
INSERT INTO course_exam_answer (id,course_exam_id,type_answer,label,text,image_url) VALUES ('439b19f5-defd-4be7-8579-986e555f2805','fb8478fa-b27f-42a9-aebf-acaa09b3f408',0,'C','-7 < 7','');

INSERT INTO course_exam_answer (id,course_exam_id,type_answer,label,text,image_url) VALUES ('5d292a9a-52b1-4b89-9b39-c70bc7affb08','ffc7b6f3-ba2b-4068-a2d7-3c1f28b83db5',0,'A','-12,3,-4,32,0,1,2,5','');
INSERT INTO course_exam_answer (id,course_exam_id,type_answer,label,text,image_url) VALUES ('a08ac05e-2362-44de-8133-50ef73337918','ffc7b6f3-ba2b-4068-a2d7-3c1f28b83db5',0,'B','-12,-3,0,4,32,40,125','');
INSERT INTO course_exam_answer (id,course_exam_id,type_answer,label,text,image_url) VALUES ('b1c7cb71-8595-473f-9c94-2b797627a338','ffc7b6f3-ba2b-4068-a2d7-3c1f28b83db5',0,'C','-12,3,-4,-32,0,1,2,5','');

INSERT INTO course_exam_answer (id,course_exam_id,type_answer,label,text,image_url) VALUES ('bcd279a8-515a-4b99-9a6e-d0034cc64f6c','1609e073-557d-4009-b1c9-cee0629f0c52',0,'A','12,3,-4,32,0,1,2,5','');
INSERT INTO course_exam_answer (id,course_exam_id,type_answer,label,text,image_url) VALUES ('947f7a19-54c0-448a-b5a5-59494448d1a0','1609e073-557d-4009-b1c9-cee0629f0c52',0,'B','12,-3,0,4,32,40,15','');
INSERT INTO course_exam_answer (id,course_exam_id,type_answer,label,text,image_url) VALUES ('6e1d8ea5-2094-494b-bd0b-ba7e1f7237ba','1609e073-557d-4009-b1c9-cee0629f0c52',0,'C','12,8,4,0,-1,-2,-5','');

INSERT INTO course_exam_answer (id,course_exam_id,type_answer,label,text,image_url) VALUES ('9a8da7ba-abca-48a6-a5b4-e8c8314ff4e2','34435287-cd1e-4d05-954b-0f9cd8f4bf2e',0,'A','3,1,0,-1,-3','');
INSERT INTO course_exam_answer (id,course_exam_id,type_answer,label,text,image_url) VALUES ('7504207b-1682-4916-a628-ffaee09fe148','34435287-cd1e-4d05-954b-0f9cd8f4bf2e',0,'B','8,7,13,0,-2,-5','');
INSERT INTO course_exam_answer (id,course_exam_id,type_answer,label,text,image_url) VALUES ('5cb0494a-56bf-4d7e-ae5e-9c1ac4eafcd9','34435287-cd1e-4d05-954b-0f9cd8f4bf2e',0,'C','4,2,1,0,-23,-91','');

INSERT INTO course_exam_answer (id,course_exam_id,type_answer,label,text,image_url) VALUES ('b6afff65-21c3-4861-963c-c067dfc4d03a','c97bf62e-552d-4e99-aa67-cd40a013c608',0,'A','-12 < 0','');
INSERT INTO course_exam_answer (id,course_exam_id,type_answer,label,text,image_url) VALUES ('a20d7e2b-5af7-402c-af2f-b41998575d6a','c97bf62e-552d-4e99-aa67-cd40a013c608',0,'B','-5 > -11','');
INSERT INTO course_exam_answer (id,course_exam_id,type_answer,label,text,image_url) VALUES ('e840cc47-5c1c-4824-a71a-67fde3f686f3','c97bf62e-552d-4e99-aa67-cd40a013c608',0,'C','-7 > 7','');


INSERT INTO course_exam_solution (course_exam_id,course_exam_answer_id) VALUES ('fb8478fa-b27f-42a9-aebf-acaa09b3f408','439b19f5-defd-4be7-8579-986e555f2805');
INSERT INTO course_exam_solution (course_exam_id,course_exam_answer_id) VALUES ('ffc7b6f3-ba2b-4068-a2d7-3c1f28b83db5','a08ac05e-2362-44de-8133-50ef73337918');
INSERT INTO course_exam_solution (course_exam_id,course_exam_answer_id) VALUES ('1609e073-557d-4009-b1c9-cee0629f0c52','6e1d8ea5-2094-494b-bd0b-ba7e1f7237ba');
INSERT INTO course_exam_solution (course_exam_id,course_exam_answer_id) VALUES ('34435287-cd1e-4d05-954b-0f9cd8f4bf2e','7504207b-1682-4916-a628-ffaee09fe148');
INSERT INTO course_exam_solution (course_exam_id,course_exam_answer_id) VALUES ('c97bf62e-552d-4e99-aa67-cd40a013c608','e840cc47-5c1c-4824-a71a-67fde3f686f3');


