INSERT INTO course (id,course_name,teacher_id,category_id,image_url) VALUES ('e9299b5a-abd3-48f1-a544-509efceaf86a','Indonesia','73aa9774-5f93-40b4-b510-4e465f97cfcd','0679c05c-db7b-4278-968a-3ec0388673c8','http://192.168.100.62:8080/data/course/bahasa_indonesia.png');


INSERT INTO course_qualification (course_id,course_level,min_score,course_material_total,course_exam_total) VALUES ('e9299b5a-abd3-48f1-a544-509efceaf86a','SD kelas 6',3,3,5);


INSERT INTO course_detail (course_id,overview_text,description_text,image_url) VALUES ('e9299b5a-abd3-48f1-a544-509efceaf86a','Belajar Bahasa Indonesia','Materi-materi dalam buku ini mencakup empat unsur dasar berbahasa, yaitu mendengarkan, berbicara, membaca dan menulis, serta penambahan unsur-unsur kebahasaan dan sastra untuk melengkapi materi yang sedang dibahas. Dengan demikian, siswa diharapkan mampu menguasai dengan baik keseluruhan kompetensi yang telah ditetapkan dalam Standar Isi Tahun 2006.','http://192.168.100.62:8080/data/course/bahasa_indonesia.png');


INSERT INTO course_material (id,course_id,material_index,title) VALUES ('32854bfc-2818-4480-a528-24f146743b66','e9299b5a-abd3-48f1-a544-509efceaf86a',1,'Bab 1 : Informasi');
INSERT INTO course_material (id,course_id,material_index,title) VALUES ('f39726fa-a032-41e4-8551-96ea63e0f3e1','e9299b5a-abd3-48f1-a544-509efceaf86a',2,'Bab 2 : Persahabatan');
INSERT INTO course_material (id,course_id,material_index,title) VALUES ('cac55de3-cf8d-4ffe-b023-bfdce6a157d4','e9299b5a-abd3-48f1-a544-509efceaf86a',3,'Bab 3 : Pariwisata');



INSERT INTO course_material_detail (course_material_id,position,title,type_material,content,image_url) VALUES ('32854bfc-2818-4480-a528-24f146743b66',1,'',1,'','http://192.168.100.62:8080/data/material/bahasa_indonesia_bab_1_1.png');
INSERT INTO course_material_detail (course_material_id,position,title,type_material,content,image_url) VALUES ('32854bfc-2818-4480-a528-24f146743b66',2,'',0,'Kamu tentu pernah melihat atau mendengar informasi tentang bencana alam. Kamu bisa melihat peristiwa bencana alam melalui televisi atau mendengarkannya melalui radio. Radio dan televisi merupakan media untuk menyampaikan informasi. Dengan adanya media tersebut kamu dapat mengetahui berbagai informasi. Bagaimana perasaanmu saat mendengarkan informasi tentang bencana alam?','');
INSERT INTO course_material_detail (course_material_id,position,title,type_material,content,image_url) VALUES ('32854bfc-2818-4480-a528-24f146743b66',3,'Peta Konsep',1,'','http://192.168.100.62:8080/data/material/bahasa_indonesia_bab_1_2.png');
INSERT INTO course_material_detail (course_material_id,position,title,type_material,content,image_url) VALUES ('32854bfc-2818-4480-a528-24f146743b66',4,'Menemukan Hal-hal Penting dari Teks Bacaan',0,'Kamu pasti pernah membaca suatu bacaan. Setiap paragraf dalam sebuah bacaan terkandung hal-hal penting atau hal-hal pokok. Kamu dapat menuliskan hal-hal penting dari bacaan yang kamu baca atau kamu dengar. Hal-hal penting dari sebuah bacaan dapat kamu temukan jika kamu membuat rangkuman atau menyusun ikhtisarnya','');
INSERT INTO course_material_detail (course_material_id,position,title,type_material,content,image_url) VALUES ('32854bfc-2818-4480-a528-24f146743b66',5,'',0,'Saat membuat ringkasan, kamu harus tetap memperhatikan urutan isi dan sudut pandang penulis. Di bawah ini ada bacaan yang dibacakan oleh temanmu. Ayo, dengarkan bacaan tersebut dengan cermat!','');
INSERT INTO course_material_detail (course_material_id,position,title,type_material,content,image_url) VALUES ('32854bfc-2818-4480-a528-24f146743b66',6,'33 Sekolah Dasar di Gunung Kidul Ditutup',1,'','http://192.168.100.62:8080/data/material/bahasa_indonesia_bab_1_3.png');
INSERT INTO course_material_detail (course_material_id,position,title,type_material,content,image_url) VALUES ('32854bfc-2818-4480-a528-24f146743b66',7,'',0,'Pada tahun 2001 hingga sekarang, 33 sekolah dasar (SD) di Kabupaten Gunung Kidul Daerah Istimewa Yogyakarta, ditutup karena jumlah siswanya semakin berkurang. Sekolah Dasar yang ditutup itu, kemudian digabung dengan SD yang berdekatan. Sekolah dasar yang ditutup pada tahun 2001 ada 12 sekolah, kemudian menyusul 20 SD pada tahun 2002.','');
INSERT INTO course_material_detail (course_material_id,position,title,type_material,content,image_url) VALUES ('32854bfc-2818-4480-a528-24f146743b66',8,'',0,'Penutupan sekolah dasar yang ada di daerah ini menyebabkan sebagian besar gedung sekolah itu rusak tidak terurus. Sejumlah gedung sekolah yang masih layak digunakan telah diminta oleh pemerintah desa setempat untuk kegiatan masyarakat.','');
INSERT INTO course_material_detail (course_material_id,position,title,type_material,content,image_url) VALUES ('32854bfc-2818-4480-a528-24f146743b66',9,'',0,'Dinas Pendidikan Gunungkidul tidak berkeberatan jika gedung sekolah itu digunakan untuk kegiatan masyarakat desa, meskipun secara administrasi masih milik pemerintah kabupaten sehingga apabila pemerintah desa akan menggunakan gedung tersebut harus melalui proses perijinan. Adapun pemanfaatan gedung-gedung bekas sekolah dasar tersebut, belum diputuskan oleh pemerintah daerah setempat.','');

INSERT INTO course_material_detail (course_material_id,position,title,type_material,content,image_url) VALUES ('f39726fa-a032-41e4-8551-96ea63e0f3e1',1,'',1,'','http://192.168.100.62:8080/data/material/bahasa_indonesia_bab_2_1.png');
INSERT INTO course_material_detail (course_material_id,position,title,type_material,content,image_url) VALUES ('f39726fa-a032-41e4-8551-96ea63e0f3e1',2,'',0,'Sahabat adalah orang yang paling dekat dengan kita. Jika kamu senang ataupun sedih tentu kamu akan berbagi dengan sahabatmu. Seorang sahabat yang baik adalah orang yang mengerti dan mau menerima kita apa adanya, serta mau berbagi dalam suka maupun duka. Kamu tentu mempunyai banyak sahabat. Nah, adakah sahabat yang paling mengerti dengan kamu?','');
INSERT INTO course_material_detail (course_material_id,position,title,type_material,content,image_url) VALUES ('f39726fa-a032-41e4-8551-96ea63e0f3e1',3,'Peta Konsep',1,'','http://192.168.100.62:8080/data/material/bahasa_indonesia_bab_2_2.png');
INSERT INTO course_material_detail (course_material_id,position,title,type_material,content,image_url) VALUES ('f39726fa-a032-41e4-8551-96ea63e0f3e1',4,'Mengidentifikasi Tokoh, Watak. Latar, dan Amanat dari Cerita Anak',0,'Cerpen atau cerita pendek adalah karangan yang melukiskan kehidupan seseorang secara umum atau inti cerita saja. Di dalam cerpen hanya melukiskan kehidupan seseorang secara sepenggal saja, misalnya cerpen tentang cerita anak yang naik kelas, pergi ke kebun binatang atau pergi ke pantai.Ciri-ciri cerpen adalah sebagai berikut.','');
INSERT INTO course_material_detail (course_material_id,position,title,type_material,content,image_url) VALUES ('f39726fa-a032-41e4-8551-96ea63e0f3e1',5,'',0,'a. Ceritanya pendek sehingga kamu tidak butuh waktu lama untuk membacanya.\nb. Hanya ada satu pokok cerita sehingga pembaca tidak bingung.\nc. Tidak ada perubahan nasib tokoh. Artinya, jika menceritakan masa kecil maka saat dewasa tidak diceritakan.\nd. Cerita disajikan dari perkenalan tokoh lalu adanya masalah, kemudian penyelesaian masalah.','');
INSERT INTO course_material_detail (course_material_id,position,title,type_material,content,image_url) VALUES ('f39726fa-a032-41e4-8551-96ea63e0f3e1',6,'',0,'Setiap cerita tentu mempunyai unsur-unsur pendukungnya. Unsur-unsur pendukung cerita antara lain:','');
INSERT INTO course_material_detail (course_material_id,position,title,type_material,content,image_url) VALUES ('f39726fa-a032-41e4-8551-96ea63e0f3e1',7,'',0,'a. tokoh, yaitu pelaku cerita. Pelaku cerita bisa manusia atau binatang.\nb. watak, yaitu kepribadian tokoh.\nc. latar, yaitu tempat terjadinya cerita.\nd. amanat, yaitu pesan yang ingin disampaikan penulis cerpen kepada pembaca','');
INSERT INTO course_material_detail (course_material_id,position,title,type_material,content,image_url) VALUES ('f39726fa-a032-41e4-8551-96ea63e0f3e1',8,'',0,'Ayo, sekarang dengarkan cerpen yang akan dibacakan gurumu berikut ini.','');
INSERT INTO course_material_detail (course_material_id,position,title,type_material,content,image_url) VALUES ('f39726fa-a032-41e4-8551-96ea63e0f3e1',9,'Kasus Caca Coco',1,'','http://192.168.100.62:8080/data/material/bahasa_indonesia_bab_2_3.png');
INSERT INTO course_material_detail (course_material_id,position,title,type_material,content,image_url) VALUES ('f39726fa-a032-41e4-8551-96ea63e0f3e1',10,'',0,'Sahabatku Caca paling doyan makan coklat. Setiap hari entah berapa bungkus coklat habis dilahapnya. Caca bahkan telah bergurau bahwa darahnya telah berlumuran coklat sehingga warnanya bukan merah lagi. Ah, ada-ada saja, ya.','');
INSERT INTO course_material_detail (course_material_id,position,title,type_material,content,image_url) VALUES ('f39726fa-a032-41e4-8551-96ea63e0f3e1',11,'',0,'Isi tas Caca pasti selalu ada coklat. Caca pun masih menyelipkan beberapa coklatnya di saku supaya ia bisa ngemil di mana-mana. Jadi, ya wajar bila teman-teman menjulukinya si Caca Coco. Tapi, tidak semua teman bisa mencicipi lezatnya coklat Caca. Ia selalu pilih-pilih dan hanya memberi teman dekatnya saja, misalnya aku.','');
INSERT INTO course_material_detail (course_material_id,position,title,type_material,content,image_url) VALUES ('f39726fa-a032-41e4-8551-96ea63e0f3e1',12,'',0,'Nah, sudah hampir dua minggu lebih kuperhatikan Caca sering kebingungan. Ia sering tampak kesal dan bersikap ketus. Suatu hari seusai sekolah aku sedang Gambar 2. 2 Caca selalu makan coklat 18 Bahasa Indonesia Sekolah Dasar Kelas 6 memergokinya sedang sibuk memeriksa tiap laci di meja kelas. Hey, kamu lagi cari apa, Ca?  tegur aku penasaran. Kelas sudah kosong yang ada hanya kami berdua. Aku cari bungkus coklat atau apalah sisa-sisanya .... jawab Caca dengan wajah kesal. Aku yakin ada pencuri di kelas ini! Coklat-coklatku sering hilang dari dalam tas.Yang betul, Ca? Mungkin kau lupa sudah memberinya ke teman. Atau malah sudah ku makan sendiri. Kataku tak percaya. Caca mendesah lelah. Ia duduk dengan wajah muram','');
INSERT INTO course_material_detail (course_material_id,position,title,type_material,content,image_url) VALUES ('f39726fa-a032-41e4-8551-96ea63e0f3e1',13,'',0,'Tak mungkin, May. Aku tahu persis berapa jumlah coklat yang kubawa setiap hari. Belakangan ini, setiap pulang sekolah, coklat-coklatku sering berkurang jumlahnya. Hari ini saja sekantong coklatku juga hilang. Aku jadi gemas ingin tahu siapa pelakunya. Jelas Caca','');
INSERT INTO course_material_detail (course_material_id,position,title,type_material,content,image_url) VALUES ('f39726fa-a032-41e4-8551-96ea63e0f3e1',14,'',0,'Caca lalu menceritakan awal peristiwa pencurian pertama. Saat itu, ia membawa sekantong coklat asli dari Belgia. Aku ingat, saat itu ikut mencicipi coklat kiriman Om Caca itu. Caca sama sekali tidak menawarkan pada teman yang lain. Saat itu, kulihat ada beberapa pasang mata yang memandang ke arah kami dengan rasa ingin. Sekantong cokelat itu pun hilang entah ke mana. Kemudian disusul dengan hilangnya sejumlah cokelat lainnya. Aku pun berpikir keras mencari cara menjebak pelaku pencurian itu. Akhirnya, aku menemukan cara yang bagus. Ku Jelaskan pada Caca. Caca tampak bersemangat. Maka, kami berdua sibuk menyiapkan jebakan tersebut.','');
INSERT INTO course_material_detail (course_material_id,position,title,type_material,content,image_url) VALUES ('f39726fa-a032-41e4-8551-96ea63e0f3e1',15,'',0,'Hari berikutnya, Caca sengaja menggembar-gemborkan bahwa ia telah membeli coklat-cokelat yang istimewa dari mini market Miaw. Mini market itu terletak tidak jauh dari sekolah. Dengan gayanya yang sedikit heboh, aku yakin seisi kelas tahu Caca Coco telah membeli coklat di minimarket itu.','');
INSERT INTO course_material_detail (course_material_id,position,title,type_material,content,image_url) VALUES ('f39726fa-a032-41e4-8551-96ea63e0f3e1',16,'',0,'May, cokelat itu hilang. Pencuri itu kembali beraksi. desis Caca saat kami pulang. Oke, berarti pengintaian di mulai sore ini. Kataku mantap. Sore itu kami berdua menunggu di dekat mini market Miaw. Aku dan Caca memesan minuman di salah satu kedai sambil berpura-pura membaca majalah. Mata kami awas memperhatikan mini market itu. Tempat itu cukup strategis karena bisa melihat jelas ke dalam minimarket.','');
INSERT INTO course_material_detail (course_material_id,position,title,type_material,content,image_url) VALUES ('f39726fa-a032-41e4-8551-96ea63e0f3e1',17,'',0,'Bagaimana kalau pencuri itu tahu ini cuma jebakan, May? Caca ragu. Ya, kita kan masih punya waktu seminggu lagi, Ca. Tenang dan Sabarlah. Aku yakin pencuri itu akan muncul, kataku meyakinkan. Benar saja, dari ujung jalan tampak seorang anak perempuan yang kami kenal. Ia berjalan santai, tangan kanannya menggenggam dompet. Iin! Aku dan Caca ternganga. Kami sama sekali tidak menduga. Iin itu pendiam dan tidak banyak tingkah. Orangnya juga sederhana dan lugu.','');
INSERT INTO course_material_detail (course_material_id,position,title,type_material,content,image_url) VALUES ('f39726fa-a032-41e4-8551-96ea63e0f3e1',18,'',0,'Iin masuk ke dalam mini market dan langsung menuju ke kasir. Ia tampak mengeluarkan sehelai kertas yang aku tahu itu adalah bungkus coklat batang Caca. Ia kemudian berbicara, sambil menunjukkan bungkus coklat itu kepada penjaga kasir. Dari mimik wajahnya, jelas kasir itu sangat keheranan. Kasir itu menggeleng-gelengkan kepala. Iin tampak ngotot sehingga kasir melambaikan tangan kepada rekannya yang lain','');
INSERT INTO course_material_detail (course_material_id,position,title,type_material,content,image_url) VALUES ('f39726fa-a032-41e4-8551-96ea63e0f3e1',19,'',0,'Dua orang penjaga toko datang menghampiri. Mereka bergantian memeriksa bungkus coklat itu dengan seksama. Lalu, salah seorang pelayan tampak membentak Iin seraya membuang bungkus coklat itu. Kupikir mereka menuduh Iin sebagai penipu. Aku sedikit cemas, bagaimana kalau mereka melapor kepada polisi?','');
INSERT INTO course_material_detail (course_material_id,position,title,type_material,content,image_url) VALUES ('f39726fa-a032-41e4-8551-96ea63e0f3e1',20,'',0,'Duh, May, galak amat, sih, si Bapak kumis itu. gumam Caca tegang. Syukurlah, petugas itu kemudian meninggalkannya. Iin pun memungut kertas bungkus itu lalu bergegas keluar. Jelas, ia amat terpukul. Matanya berkaca-kaca menahan tangis. Ia berjalan sambil memandangi bungkus tadi.','');
INSERT INTO course_material_detail (course_material_id,position,title,type_material,content,image_url) VALUES ('f39726fa-a032-41e4-8551-96ea63e0f3e1',21,'',0,'Pasti tulisan inilah yang dibacanya pada bagian dalam bungkus coklat itu: Berhadiah langsung tanpa diundi Rp. 100.000,00. Tukarkan segera di tempat pembelian pada pukul 16.00 s/d 17.00. Promo ini berlaku hingga 11 Maret 2007. Aku meminta Omku yang bekerja di percetakan untuk mencetak label itu. Hasil cetakannya sangat meyakinkan. Buktinya, Iin terkecoh.','');
INSERT INTO course_material_detail (course_material_id,position,title,type_material,content,image_url) VALUES ('f39726fa-a032-41e4-8551-96ea63e0f3e1',22,'',0,'Ayo, Ca, kita tangkap basah pelakunya sebelum jauh ajakku. Tapi, Caca malah menggeleng lemah. Nggak, May. Aku pikir ini tidak perlu diteruskan. Apapun alasan Ingin mencuri coklat-coklatku, aku maafkan, deh. Sekarang, pasti dia merasa malu, takut, dan sedih. Aku nggak tega, kata Caca pelan. Lagi Pula, ia melanjutkan, selama ini aku belum pernah menawari Iin sebatang coklat pun. ','');
INSERT INTO course_material_detail (course_material_id,position,title,type_material,content,image_url) VALUES ('f39726fa-a032-41e4-8551-96ea63e0f3e1',23,'',0,'Mungkin dia jadi penasaran... Ah, alasan apapun hanya Ini yang tahu. Aku yakin, cepat atau lambat, Ini akan menyadari tipuan ini. Sementara, tampaknya Caca mulai sadar akan sifatnya yang pelit. Semoga saja semua akan berakhir dengan baik','');

INSERT INTO course_material_detail (course_material_id,position,title,type_material,content,image_url) VALUES ('cac55de3-cf8d-4ffe-b023-bfdce6a157d4',1,'',1,'','http://192.168.100.62:8080/data/material/bahasa_indonesia_bab_3_1.png');
INSERT INTO course_material_detail (course_material_id,position,title,type_material,content,image_url) VALUES ('cac55de3-cf8d-4ffe-b023-bfdce6a157d4',2,'',0,'Karya wisata merupakan kegiatan yang menyenangkan. Selain berekreasi, kita jugabisa mengetahui tempat-tempat bersejarah. Kamu tentu sudah pernah melakukan karyawisata ke suatu tempat, bukan? Nah, bagaimana perasaan kamu saat melakukan karyawisata tersebut? Kamu tentu merasa senang. Selain itu, kamu mendapatkan banyak informasi tentang tempat tersebut, bukan?','');
INSERT INTO course_material_detail (course_material_id,position,title,type_material,content,image_url) VALUES ('cac55de3-cf8d-4ffe-b023-bfdce6a157d4',3,'Peta Konsep',1,'','http://192.168.100.62:8080/data/material/bahasa_indonesia_bab_3_2.png');
INSERT INTO course_material_detail (course_material_id,position,title,type_material,content,image_url) VALUES ('cac55de3-cf8d-4ffe-b023-bfdce6a157d4',4,'Mencatat Hal-hal Pokok dari Isi Bacaan',0,'Ketika membaca sebuah bacaan, kamu akan menemukan hal-hal pokok yang terdapat dalam tiap paragrafnya. Kamu bisa membuat penyajian singkat dari bacaan tersebut dengan tetap memperhatikan urutan isi dan sudut pandang penulisnya. Ayo, dengarkan pembacaan teks bacaan oleh gurumu berikut ini','');
INSERT INTO course_material_detail (course_material_id,position,title,type_material,content,image_url) VALUES ('cac55de3-cf8d-4ffe-b023-bfdce6a157d4',5,'Tempat Wisata di Watu Ulo',1,'','http://192.168.100.62:8080/data/material/bahasa_indonesia_bab_3_3.png');
INSERT INTO course_material_detail (course_material_id,position,title,type_material,content,image_url) VALUES ('cac55de3-cf8d-4ffe-b023-bfdce6a157d4',6,'',0,'Pantai Watu Ulo, yang terletak di Samudera Indonesia mempunyai panorama alam yang indah. Lokasinya tidak terlalu jauh dari pusat kota (33 km arah selatan). Pantai ini selalu banyak dikunjungi wisatawan baik wisatawan domestik maupun mancanegara, khususnya pada saat Hari Raya Idul Fitri.','');
INSERT INTO course_material_detail (course_material_id,position,title,type_material,content,image_url) VALUES ('cac55de3-cf8d-4ffe-b023-bfdce6a157d4',7,'',0,'Di kawasan pantai Watu Ulo ini masih banyak obyek wisata lain yang patut dikunjungi, seperti Pantai Payangan, Goa Jepang, dan Goa Lawa yang merupakan tempat bersejarah peninggalan Perang Dunia II. Uniknya, untuk mencapai gua ini para wisatawan harus menuruni Turunan Senggol sebanyak 66 tangga yang sangat mengasyikkan','');
INSERT INTO course_material_detail (course_material_id,position,title,type_material,content,image_url) VALUES ('cac55de3-cf8d-4ffe-b023-bfdce6a157d4',8,'',0,'Dari kawasan pantai Watu Ulo ke arah barat terdapat objek wisata yang tidak kalah menariknya, yaitu Tanjung Papuma yang terdiri dari Pantai Pasir Putih dan Malikan. Obyek wisata ini mempunyai kawasan pasir putih yang memesona dengan panorama yang asri. Di kawasan ini, para wisatawan juga dapat menyaksikan kemegahan gugusan Pulau Dewa (Kresna, Narada, dan Batara Guru)','');
INSERT INTO course_material_detail (course_material_id,position,title,type_material,content,image_url) VALUES ('cac55de3-cf8d-4ffe-b023-bfdce6a157d4',9,'',0,'Untuk mencapai kawasan wisata ini, para wisatawan dapat berjalan kaki atau mengendarai kendaraan bermotor. Selain menikmati pemandangan pantai, pada saat cuaca baik, para wisatawan juga dapat bersampan sambil memancing ikan di laut.','');
INSERT INTO course_material_detail (course_material_id,position,title,type_material,content,image_url) VALUES ('cac55de3-cf8d-4ffe-b023-bfdce6a157d4',10,'',0,'Di kawasan Papuma ini masih terdapat kawasan Wana Wisata yang terletak di komplek hutan Londo Lampesan yang memiliki fasilitas jalan lintas panorama dan pendakian sepanjang 500 meter, bumi perkemahan, Balairung Tanjung Papuma dan kios-kios cinderamata.','');
INSERT INTO course_material_detail (course_material_id,position,title,type_material,content,image_url) VALUES ('cac55de3-cf8d-4ffe-b023-bfdce6a157d4',11,'',0,'Wisata Alam Rembangan, salah satu objek wisata alam pegunungan yang terletak di Desa Kemuning Lor Kecamatan Arjasa, tepatnya di lereng pegunungan Argopuro pada ketinggian 540 meter dari permukaan laut dengan suhu udara 180 - 250 serta curah hujan rata-rata 4.626 mm per tahun','');
INSERT INTO course_material_detail (course_material_id,position,title,type_material,content,image_url) VALUES ('cac55de3-cf8d-4ffe-b023-bfdce6a157d4',12,'',0,'Di kawasan wisata ini, tersedia fasilitas yang memadai, seperti hotel, restoran, kolam renang, lapangan tenis dan alamnya sangat cocok untuk kegiatan olahraga berkuda dan sepeda gunung (pernah digunakan untuk lomba sepeda gunung PON XV).','');
INSERT INTO course_material_detail (course_material_id,position,title,type_material,content,image_url) VALUES ('cac55de3-cf8d-4ffe-b023-bfdce6a157d4',13,'',0,'Di kawasan ini juga, dikembangkan agrowisata dengan berbagai jenis tanaman, seperti kopi, cengkeh, durian, dan pisang agung. Untuk menuju obyek wisata ini, para wisatawan dapat menempuhnya dengan kendaraan.','');


INSERT INTO course_exam (id,course_id,type_exam,exam_index,text,image_url) VALUES ('1f84910d-cf02-47d1-98ee-3e0774db58df','e9299b5a-abd3-48f1-a544-509efceaf86a',0,1,'Apa yang terjadi di Kabupaten Gunung Kidul?','');
INSERT INTO course_exam (id,course_id,type_exam,exam_index,text,image_url) VALUES ('14145fe0-145d-4cb4-8e4a-7129deb8a90d','e9299b5a-abd3-48f1-a544-509efceaf86a',0,2,'Mengapa banyak sekolah dasar yang ditutup?','');
INSERT INTO course_exam (id,course_id,type_exam,exam_index,text,image_url) VALUES ('0ac80c18-4448-4220-8275-709891049f56','e9299b5a-abd3-48f1-a544-509efceaf86a',0,3,'salah satu tokoh-tokoh dalam cerpen Kasus Caca Coco?','');
INSERT INTO course_exam (id,course_id,type_exam,exam_index,text,image_url) VALUES ('2f7201eb-3728-4aa6-b23c-64afd6d92679','e9299b5a-abd3-48f1-a544-509efceaf86a',0,4,'Di manakah letak pantai Watu Ulo?','');
INSERT INTO course_exam (id,course_id,type_exam,exam_index,text,image_url) VALUES ('4ec377e4-3bfb-4d6b-a2e1-756350710bb5','e9299b5a-abd3-48f1-a544-509efceaf86a',0,5,'salah satu Obyek wisata apa saja yang terdapat di pantai Watu Ulo?','');


INSERT INTO course_exam_answer (id,course_exam_id,type_answer,label,text,image_url) VALUES ('8f2acf5f-62ed-4455-a254-23c15377c10f','1f84910d-cf02-47d1-98ee-3e0774db58df',0,'A','Penutupan 33 sekolah dasar (SD)','');
INSERT INTO course_exam_answer (id,course_exam_id,type_answer,label,text,image_url) VALUES ('4db2f36a-9942-4e7e-85f4-a59d7199e473','1f84910d-cf02-47d1-98ee-3e0774db58df',0,'B','Pembangunan 33 sekolah dasar (SD)','');
INSERT INTO course_exam_answer (id,course_exam_id,type_answer,label,text,image_url) VALUES ('0cc3de16-13fa-4100-b9c2-2f70b6a6f564','1f84910d-cf02-47d1-98ee-3e0774db58df',0,'C','Pembongkaran 33 sekolah dasar (SD)','');

INSERT INTO course_exam_answer (id,course_exam_id,type_answer,label,text,image_url) VALUES ('b29793c0-1149-4e68-9673-965842b79b92','14145fe0-145d-4cb4-8e4a-7129deb8a90d',0,'A','karena jumlah siswanya semakin bertambah','');
INSERT INTO course_exam_answer (id,course_exam_id,type_answer,label,text,image_url) VALUES ('7356868a-9d82-4477-9d00-0a3a109d3e63','14145fe0-145d-4cb4-8e4a-7129deb8a90d',0,'B','karena jumlah siswanya semakin berkurang','');
INSERT INTO course_exam_answer (id,course_exam_id,type_answer,label,text,image_url) VALUES ('9e344505-8c41-4b25-88b3-8a4c23a30ebf','14145fe0-145d-4cb4-8e4a-7129deb8a90d',0,'C','karena jumlah siswanya semakin bahagia','');

INSERT INTO course_exam_answer (id,course_exam_id,type_answer,label,text,image_url) VALUES ('44016339-9581-4c7d-b350-b46fa03f470b','0ac80c18-4448-4220-8275-709891049f56',0,'A','caca','');
INSERT INTO course_exam_answer (id,course_exam_id,type_answer,label,text,image_url) VALUES ('580c7096-8819-411e-bc7a-e8e660012f5b','0ac80c18-4448-4220-8275-709891049f56',0,'B','pak rudi','');
INSERT INTO course_exam_answer (id,course_exam_id,type_answer,label,text,image_url) VALUES ('b81d4870-0f4b-40a1-988b-02c282cc1a12','0ac80c18-4448-4220-8275-709891049f56',0,'C','bu ira','');

INSERT INTO course_exam_answer (id,course_exam_id,type_answer,label,text,image_url) VALUES ('824ea9a9-6d8f-4c34-b599-586d53ac089a','2f7201eb-3728-4aa6-b23c-64afd6d92679',0,'A','terletak di Samudera Indonesia','');
INSERT INTO course_exam_answer (id,course_exam_id,type_answer,label,text,image_url) VALUES ('a3e1505f-a102-4a26-8689-e006984ee38b','2f7201eb-3728-4aa6-b23c-64afd6d92679',0,'B','terletak di Samudera Hindia','');
INSERT INTO course_exam_answer (id,course_exam_id,type_answer,label,text,image_url) VALUES ('0ff813e1-c02d-4970-b690-bddf76c50815','2f7201eb-3728-4aa6-b23c-64afd6d92679',0,'C','terletak di Samudera Spesifik','');

INSERT INTO course_exam_answer (id,course_exam_id,type_answer,label,text,image_url) VALUES ('d91d7593-785d-4a54-83ce-bcf4c37822bf','4ec377e4-3bfb-4d6b-a2e1-756350710bb5',0,'A','Gua Amerika','');
INSERT INTO course_exam_answer (id,course_exam_id,type_answer,label,text,image_url) VALUES ('25647015-5515-4999-99a8-6c4890c24076','4ec377e4-3bfb-4d6b-a2e1-756350710bb5',0,'B','Gua Italia','');
INSERT INTO course_exam_answer (id,course_exam_id,type_answer,label,text,image_url) VALUES ('3b1440d9-0f48-4be7-8d26-60e17a093f5a','4ec377e4-3bfb-4d6b-a2e1-756350710bb5',0,'C','Gua Jepang','');


INSERT INTO course_exam_solution (course_exam_id,course_exam_answer_id) VALUES ('1f84910d-cf02-47d1-98ee-3e0774db58df','8f2acf5f-62ed-4455-a254-23c15377c10f');
INSERT INTO course_exam_solution (course_exam_id,course_exam_answer_id) VALUES ('14145fe0-145d-4cb4-8e4a-7129deb8a90d','7356868a-9d82-4477-9d00-0a3a109d3e63');
INSERT INTO course_exam_solution (course_exam_id,course_exam_answer_id) VALUES ('0ac80c18-4448-4220-8275-709891049f56','44016339-9581-4c7d-b350-b46fa03f470b');
INSERT INTO course_exam_solution (course_exam_id,course_exam_answer_id) VALUES ('2f7201eb-3728-4aa6-b23c-64afd6d92679','824ea9a9-6d8f-4c34-b599-586d53ac089a');
INSERT INTO course_exam_solution (course_exam_id,course_exam_answer_id) VALUES ('4ec377e4-3bfb-4d6b-a2e1-756350710bb5','3b1440d9-0f48-4be7-8d26-60e17a093f5a');















