INSERT INTO course (id,course_name,teacher_id,category_id,image_url) VALUES ('9381cc75-a3ab-44d0-a280-0c87bc14eb30','Makhluk Hidup','73aa9774-5f93-40b4-b510-4e465f97cfcd','0679c05c-db7b-4278-968a-3ec0388673c8','https://ayoles-core.herokuapp.com/data/course/ciri_khusus_makhluk_hidup.png');


INSERT INTO course_qualification (course_id,course_level,min_score,course_material_total,course_exam_total) VALUES ('9381cc75-a3ab-44d0-a280-0c87bc14eb30','SD kelas 6',3,2,5);


INSERT INTO course_detail (course_id,overview_text,description_text,image_url) VALUES ('9381cc75-a3ab-44d0-a280-0c87bc14eb30','Ciri Khusus Makhluk Hidup','Lihatlah gambar di atas. Cicak itu terjatuh ke tanah. Seekor kucing berusaha menangkapnya. Cicak kelihatan menggeliat. Ternyata, cecak melepaskan ekornya. Sesaat kemudian cecak dapat meloloskan diri dari kucing. Mengapa cicak melepas ekornya? Kalian tentu penasaran, bukan? Temukan jawabannya dengan menyimak bab ini.','https://ayoles-core.herokuapp.com/data/course/ciri_khusus_makhluk_hidup.png');


INSERT INTO course_material (id,course_id,material_index,title) VALUES ('6c8b9366-9f99-4dfc-9ac7-dc3a52683a98','9381cc75-a3ab-44d0-a280-0c87bc14eb30',1,'Bab 1 : Ciri Khusus pada Hewan');
INSERT INTO course_material (id,course_id,material_index,title) VALUES ('cd99aac6-256a-4dd1-889f-5535a874ffab','9381cc75-a3ab-44d0-a280-0c87bc14eb30',2,'Bab 2 : Ciri Khusus pada Tumbuhan');


INSERT INTO course_material_detail (course_material_id,position,title,type_material,content,image_url) VALUES ('6c8b9366-9f99-4dfc-9ac7-dc3a52683a98',1,'Cicak',0,'Cicak sering kita lihat di dinding dan langit-langit rumah. Cicak sangat jarang berada di lantai. Cecak bergerak dengan cara merayap. Saat merayap di dinding, cicak tidak terjatuh. Mengapa demikian? Coba bandingkan dengan hewan lainnya. Dapatkah ayam atau itik merayap di dinding? Tentu tidak, bukan?','');
INSERT INTO course_material_detail (course_material_id,position,title,type_material,content,image_url) VALUES ('6c8b9366-9f99-4dfc-9ac7-dc3a52683a98',2,'',1,'','https://ayoles-core.herokuapp.com/data/material/mahluk_hidup_bab_1_1.png');
INSERT INTO course_material_detail (course_material_id,position,title,type_material,content,image_url) VALUES ('6c8b9366-9f99-4dfc-9ac7-dc3a52683a98',3,'',0,'Ternyata, cecak memiliki perekat pada setiap ujung jari kakinya. Dengan perekat inilah kaki cecak dapat menempel di dinding. Bagaimana bila kakinya tidak bisa diangkat dari dinding karena perekat tersebut? Hal ini tidak akan terjadi. Cecak dapat mengatur banyaknya perekat yang dikeluarkan. Dengan demikian, cecak dapat tetap bergerak merayap tanpa terjatuh. Cecak dapat mendaki pohon, dinding, atau atap bangunan dengan mudah.','');
INSERT INTO course_material_detail (course_material_id,position,title,type_material,content,image_url) VALUES ('6c8b9366-9f99-4dfc-9ac7-dc3a52683a98',4,'',0,'Selain itu, cecak mempunyai kemampuan autotomi. Cecak dapat memutuskan ekornya secara tiba-tiba. Cecak melakukan autotomi saat ditangkap mangsa. Dengan begitu, cecak dapat melarikan diri. Ekor cecak yang putus dapat tumbuh kembali.','');
INSERT INTO course_material_detail (course_material_id,position,title,type_material,content,image_url) VALUES ('6c8b9366-9f99-4dfc-9ac7-dc3a52683a98',5,'Bebek',1,'','https://ayoles-core.herokuapp.com/data/material/mahluk_hidup_bab_1_2.png');
INSERT INTO course_material_detail (course_material_id,position,title,type_material,content,image_url) VALUES ('6c8b9366-9f99-4dfc-9ac7-dc3a52683a98',6,'',0,'Bebek termasuk salah satu jenis unggas. Ia hidup serta mencari makan di daratan dan perairan. Bebek menggunakan kakinya untuk berjalan. Coba bandingkan kaki bebek dengan kaki ayam. Tentu berbeda, bukan? Pada kaki bebek, setiap jarinya dihubungkan dengan selaput. Dengan kaki berselaput, bebek dapat berenang. Selain bebek, kaki berselaput juga dimiliki angsa. Sementara, ayam tidak memiliki jari berselaput. Ayam hidup dan mencari makan di darat saja.','');
INSERT INTO course_material_detail (course_material_id,position,title,type_material,content,image_url) VALUES ('6c8b9366-9f99-4dfc-9ac7-dc3a52683a98',7,'Kelelawar',0,'Kelelawar keluar dan mencari makan pada malam hari. Sebaliknya, pada siang hari, kelelawar hanya berdiam di sarangnya. Oleh karena itu, kelelawar dijuluki hewan malam. Bagaimana kelelawar bisa menemukan makanan di kegelapan malam? Apakah kelelawar tidak tersesat atau menabrak benda-benda yang dilaluinya? Bukankah malam hari gelap gulita? Dalam keadaan gelap, kelelawar tidak pernah menabrak benda yang dilaluinya. Kelelawar juga tidak kesulitan menemukan makanan. Hal ini dikarenakan kelelawar memiliki keistimewaan. Kelelawar memiliki indra pembau dan pendengar yang tajam. Dengan penggabungan keduanya, kelelawar dapat menemukan makanan. Kelelawar dapat menentukan arah terbang dan menghindari tabrakan. ','');
INSERT INTO course_material_detail (course_material_id,position,title,type_material,content,image_url) VALUES ('6c8b9366-9f99-4dfc-9ac7-dc3a52683a98',8,'',1,'','https://ayoles-core.herokuapp.com/data/material/mahluk_hidup_bab_1_2.png');
INSERT INTO course_material_detail (course_material_id,position,title,type_material,content,image_url) VALUES ('6c8b9366-9f99-4dfc-9ac7-dc3a52683a98',9,'',0,'Saat terbang, kelelawar mengeluarkan bunyi tinggi yang nyaring. Bunyi ini memiliki frekuensi sangat tinggi. Bunyi ini dinamakan ultrasonik. Bunyi ultrasonik akan mengenai benda atau mangsa di sekitarnya. Bunyi ini akan dipantulkan kembali oleh benda tersebut. Kelelawar menangkap bunyi pantulan dari benda atau mangsanya. Bunyi pantulan membuat kelelawar dapat memperkirakan jarak terbang. Kelelawar dapat mengenal benda di sekitarnya. Inilah yang menjadikan kelelawar dapat membedakan antara mangsa dan bukan mangsa. Kemampuan yang dimiliki kelelawar tersebut dinamakan ekolokasi.','');


INSERT INTO course_material_detail (course_material_id,position,title,type_material,content,image_url) VALUES ('cd99aac6-256a-4dd1-889f-5535a874ffab',1,'',0,'Tumbuhan memiliki ciri khusus yang membedakannya dengan tumbuhan lain. Ciri-ciri ini berhubungan dengan kemampuannya menyesuaikan diri terhadap lingkungan. Dengan penyesuaian diri, tumbuhan bisa bertahan hidup. Beberapa tumbuhan yang memiliki ciri khusus adalah sebagai berikut.','');
INSERT INTO course_material_detail (course_material_id,position,title,type_material,content,image_url) VALUES ('cd99aac6-256a-4dd1-889f-5535a874ffab',2,'Mawar',1,'','https://ayoles-core.herokuapp.com/data/material/mahluk_hidup_bab_2_1.png');
INSERT INTO course_material_detail (course_material_id,position,title,type_material,content,image_url) VALUES ('cd99aac6-256a-4dd1-889f-5535a874ffab',3,'',0,'Tanaman mawar memiliki bunga yang indah. Namun, berhati-hatilah bila ingin memetiknya. Sebab, kalian bisa terkena duri-durinya yang tajam. Duri pada batang adalah ciri khusus yang dimiliki tanaman mawar. Duri tersebut berfungsi melindungi diri dari musuh. Musuh yang mendekat akan terkena duri tajam mawar.','');
INSERT INTO course_material_detail (course_material_id,position,title,type_material,content,image_url) VALUES ('cd99aac6-256a-4dd1-889f-5535a874ffab',4,'Kaktus ',1,'','https://ayoles-core.herokuapp.com/data/material/mahluk_hidup_bab_2_2.png');
INSERT INTO course_material_detail (course_material_id,position,title,type_material,content,image_url) VALUES ('cd99aac6-256a-4dd1-889f-5535a874ffab',5,'',0,'Kaktus berasal dari daerah tandus dan bercurah hujan rendah. Kaktus memiliki bentuk beraneka macam. Ada yang berbulu seperti sikat atau batang berbintik bintik besar. Ada juga yang berbentuk batang silinder. Tumbuhan kaktus dapat hidup dalam pelbagai kondisi. Pada kondisi tandus, daun kaktus akan mengecil atau sama sekali tidak berdaun. Selain itu, batang kaktus juga menebal dan berlapis lilin. Batang tersebut berfungsi sebagai tempat penyimpanan air. ','');
INSERT INTO course_material_detail (course_material_id,position,title,type_material,content,image_url) VALUES ('cd99aac6-256a-4dd1-889f-5535a874ffab',6,'Kantong Semar',1,'','https://ayoles-core.herokuapp.com/data/material/mahluk_hidup_bab_2_3.png');
INSERT INTO course_material_detail (course_material_id,position,title,type_material,content,image_url) VALUES ('cd99aac6-256a-4dd1-889f-5535a874ffab',7,'',0,'Kantong semar termasuk tanaman yang unik. Tanaman ini memiliki kantong di bagian ujung daun. Kantong tersebut sebenarnya adalah ujung daun yang berubah bentuk. Fungsinya untuk menangkap hewan, terutama serangga. Saat serangga masuk ke kantong, kantong segera menutup. Kantong semar kemudian mengeluarkan enzim untuk membunuh serangga. Nah, serangga inilah yang dijadikan makanan kantong semar. Kantong semar hanya mengandalkan kantongnya untuk mendapatkan makanan. Kantong semar tidak memerlukan pupuk. ','');


INSERT INTO course_exam (id,course_id,type_exam,exam_index,text,image_url) VALUES ('2ecd688d-d353-4099-b7aa-9704d3e8834a','9381cc75-a3ab-44d0-a280-0c87bc14eb30',0,1,'Apakah manfaat ciri khusus pada makhluk hidup?','');
INSERT INTO course_exam (id,course_id,type_exam,exam_index,text,image_url) VALUES ('d7586906-6597-4466-8bde-90c35464a7c4','9381cc75-a3ab-44d0-a280-0c87bc14eb30',0,2,'Hewan ini mengeluarkan tinta hitam ketika dikejar musuhnya. Hewan yang dimaksud adalah','');
INSERT INTO course_exam (id,course_id,type_exam,exam_index,text,image_url) VALUES ('ead81427-3613-4ad5-a798-4dd0d0f8ab20','9381cc75-a3ab-44d0-a280-0c87bc14eb30',0,3,'Cumi-cumi merupakan hewan yang gemerlap karena','');
INSERT INTO course_exam (id,course_id,type_exam,exam_index,text,image_url) VALUES ('c22f500b-6ac4-486b-b363-e6c579aa6188','9381cc75-a3ab-44d0-a280-0c87bc14eb30',0,4,'Cecak memutuskan ekornya saat ditangkap musuh. Kemampuan cecak ini disebut','');
INSERT INTO course_exam (id,course_id,type_exam,exam_index,text,image_url) VALUES ('1f37e20f-1d05-4602-af01-fe262ace33c0','9381cc75-a3ab-44d0-a280-0c87bc14eb30',0,5,'tumbuhan yang hidup di daerah gersang, beradaptasi dengan menebalkan kulitnya','');


INSERT INTO course_exam_answer (id,course_exam_id,type_answer,label,text,image_url) VALUES ('59b776e1-1635-47ac-bfb9-a082831d8428','2ecd688d-d353-4099-b7aa-9704d3e8834a',0,'A','Membantu pertumbuhan','');
INSERT INTO course_exam_answer (id,course_exam_id,type_answer,label,text,image_url) VALUES ('d5587398-52bc-4bd8-9945-282a4780ce49','2ecd688d-d353-4099-b7aa-9704d3e8834a',0,'B','Membuat makanan','');
INSERT INTO course_exam_answer (id,course_exam_id,type_answer,label,text,image_url) VALUES ('08c4dbb5-048c-4817-b4b6-e7b6f0cf7ae3','2ecd688d-d353-4099-b7aa-9704d3e8834a',0,'C','Menghasilkan keturunan','');

INSERT INTO course_exam_answer (id,course_exam_id,type_answer,label,text,image_url) VALUES ('53df553b-6c42-43a7-a9c2-6494deb84b86','d7586906-6597-4466-8bde-90c35464a7c4',0,'A','Burung hantu','');
INSERT INTO course_exam_answer (id,course_exam_id,type_answer,label,text,image_url) VALUES ('84562fea-37e3-4aa8-9268-cb03d491f78e','d7586906-6597-4466-8bde-90c35464a7c4',0,'B','Cumi-cumi','');
INSERT INTO course_exam_answer (id,course_exam_id,type_answer,label,text,image_url) VALUES ('9738b24d-48e1-4519-a5be-0bc7793c7ea0','d7586906-6597-4466-8bde-90c35464a7c4',0,'C','Landak','');

INSERT INTO course_exam_answer (id,course_exam_id,type_answer,label,text,image_url) VALUES ('1a22ae75-2c61-4871-aacf-deb6c354105e','ead81427-3613-4ad5-a798-4dd0d0f8ab20',0,'A','Kulitnya licin dan memantulkan cahaya','');
INSERT INTO course_exam_answer (id,course_exam_id,type_answer,label,text,image_url) VALUES ('d161389f-454b-4875-bc0c-8e29d55304fb','ead81427-3613-4ad5-a798-4dd0d0f8ab20',0,'B','Tubuhnya memancarkan cahaya','');
INSERT INTO course_exam_answer (id,course_exam_id,type_answer,label,text,image_url) VALUES ('e934153e-ee84-4b58-813b-b4d69f1e70e8','ead81427-3613-4ad5-a798-4dd0d0f8ab20',0,'C','Kulitnya menyerap cahaya','');

INSERT INTO course_exam_answer (id,course_exam_id,type_answer,label,text,image_url) VALUES ('5b258dd3-9064-4bfb-91ff-bd799dceaab6','c22f500b-6ac4-486b-b363-e6c579aa6188',0,'A','Autotomi','');
INSERT INTO course_exam_answer (id,course_exam_id,type_answer,label,text,image_url) VALUES ('921e4a4d-723e-4912-96a5-7ab19cacfa78','c22f500b-6ac4-486b-b363-e6c579aa6188',0,'B','Ekolokasi','');
INSERT INTO course_exam_answer (id,course_exam_id,type_answer,label,text,image_url) VALUES ('6e1f08e9-fbc8-4d1b-9f92-5dabcda9c28b','c22f500b-6ac4-486b-b363-e6c579aa6188',0,'C','Otonomi','');

INSERT INTO course_exam_answer (id,course_exam_id,type_answer,label,text,image_url) VALUES ('b192789a-574a-4fae-a603-93f6871015ec','1f37e20f-1d05-4602-af01-fe262ace33c0',0,'A','Kaktus','');
INSERT INTO course_exam_answer (id,course_exam_id,type_answer,label,text,image_url) VALUES ('d2c156ec-8d9b-455f-8d83-a8f0a811b28c','1f37e20f-1d05-4602-af01-fe262ace33c0',0,'B','Raflesia','');
INSERT INTO course_exam_answer (id,course_exam_id,type_answer,label,text,image_url) VALUES ('13f68d7f-b8bb-4164-8339-d3ee712a5363','1f37e20f-1d05-4602-af01-fe262ace33c0',0,'C','Teratai','');


INSERT INTO course_exam_solution (course_exam_id,course_exam_answer_id) VALUES ('2ecd688d-d353-4099-b7aa-9704d3e8834a','08c4dbb5-048c-4817-b4b6-e7b6f0cf7ae3');
INSERT INTO course_exam_solution (course_exam_id,course_exam_answer_id) VALUES ('d7586906-6597-4466-8bde-90c35464a7c4','84562fea-37e3-4aa8-9268-cb03d491f78e');
INSERT INTO course_exam_solution (course_exam_id,course_exam_answer_id) VALUES ('ead81427-3613-4ad5-a798-4dd0d0f8ab20','1a22ae75-2c61-4871-aacf-deb6c354105e');
INSERT INTO course_exam_solution (course_exam_id,course_exam_answer_id) VALUES ('c22f500b-6ac4-486b-b363-e6c579aa6188','5b258dd3-9064-4bfb-91ff-bd799dceaab6');
INSERT INTO course_exam_solution (course_exam_id,course_exam_answer_id) VALUES ('1f37e20f-1d05-4602-af01-fe262ace33c0','b192789a-574a-4fae-a603-93f6871015ec');






